                  epoch,         train/box_loss,         train/cls_loss,         train/dfl_loss,   metrics/precision(B),      metrics/recall(B),       metrics/mAP50(B),    metrics/mAP50-95(B),           val/box_loss,           val/cls_loss,           val/dfl_loss,                 lr/pg0,                 lr/pg1,                 lr/pg2
                      1,                 1.5478,                 1.5711,                   1.39,                0.85546,                0.80969,                0.86502,                0.51605,                 1.4076,                 0.7419,                 1.2909,              0.0032971,              0.0032971,              0.0032971
                      2,                 1.3533,                0.77066,                 1.1811,                0.90789,                0.83412,                0.91325,                0.55682,                 1.3666,                0.73386,                 1.1967,              0.0066042,              0.0066042,              0.0066042
                      3,                 1.3738,                0.78249,                 1.1645,                0.87689,                0.76588,                0.85778,                0.50351,                 1.4341,                0.93631,                  1.254,              0.0098849,              0.0098849,              0.0098849
                      4,                  1.402,                0.82686,                 1.2083,                 0.7847,                0.75592,                0.77593,                0.44465,                 1.5111,                0.96059,                 1.3563,              0.0098812,              0.0098812,              0.0098812
                      5,                 1.3756,                0.81476,                 1.2058,                0.84902,                0.78578,                0.84864,                0.51283,                 1.4091,                 1.0045,                 1.2676,              0.0098416,              0.0098416,              0.0098416
                      6,                 1.3685,                0.79012,                 1.1899,                0.82888,                0.77424,                0.83321,                0.50212,                 1.4237,                 1.0146,                 1.3146,               0.009802,               0.009802,               0.009802
                      7,                 1.3516,                0.76766,                 1.2007,                0.87722,                 0.7451,                0.83629,                0.47979,                  1.449,                0.81686,                 1.2895,              0.0097624,              0.0097624,              0.0097624
                      8,                 1.3302,                0.75105,                 1.2072,                0.87299,                0.79142,                0.87123,                0.52549,                 1.3804,                0.79592,                 1.2745,              0.0097228,              0.0097228,              0.0097228
                      9,                 1.3128,                0.73218,                 1.1793,                0.89794,                0.83137,                0.90337,                0.54398,                 1.4022,                0.70988,                 1.2653,              0.0096832,              0.0096832,              0.0096832
                     10,                 1.3185,                0.73309,                 1.1757,                0.88909,                0.81718,                0.88879,                0.54659,                 1.3599,                0.74343,                 1.2483,              0.0096436,              0.0096436,              0.0096436
                     11,                 1.2991,                0.70094,                 1.1723,                0.89682,                0.82921,                0.88922,                0.55293,                 1.3463,                0.72107,                 1.2585,               0.009604,               0.009604,               0.009604
                     12,                 1.2758,                0.68599,                 1.1642,                 0.8777,                0.84012,                0.89638,                0.54921,                 1.3813,                0.69712,                  1.281,              0.0095644,              0.0095644,              0.0095644
                     13,                 1.2894,                0.69374,                 1.1842,                0.89735,                0.84623,                0.90764,                 0.5676,                 1.3468,                0.66557,                 1.2738,              0.0095248,              0.0095248,              0.0095248
                     14,                 1.2795,                0.67888,                 1.1727,                0.88054,                 0.8538,                0.90506,                0.57518,                 1.3114,                 0.6759,                 1.2271,              0.0094852,              0.0094852,              0.0094852
                     15,                 1.2693,                0.66273,                 1.1628,                0.90227,                0.85696,                 0.9187,                0.58906,                 1.3159,                0.62783,                 1.2416,              0.0094456,              0.0094456,              0.0094456
                     16,                 1.2602,                0.66288,                 1.1656,                  0.904,                0.84873,                0.92095,                0.58339,                 1.3084,                0.64189,                 1.2412,               0.009406,               0.009406,               0.009406
                     17,                 1.2437,                 0.6505,                 1.1616,                0.89735,                0.84985,                0.90737,                0.56225,                 1.3372,                0.64001,                 1.2548,              0.0093664,              0.0093664,              0.0093664
                     18,                 1.2401,                0.64226,                 1.1626,                0.90805,                0.85672,                0.91743,                0.58545,                 1.2969,                0.62561,                 1.2279,              0.0093268,              0.0093268,              0.0093268
                     19,                 1.2351,                0.62949,                  1.152,                0.89468,                0.84072,                0.90665,                0.58322,                 1.2993,                0.63714,                 1.2233,              0.0092872,              0.0092872,              0.0092872
                     20,                 1.2252,                0.62669,                 1.1507,                0.90467,                0.84639,                0.91324,                0.58148,                 1.3169,                0.63725,                 1.2566,              0.0092476,              0.0092476,              0.0092476
                     21,                 1.2218,                0.62124,                 1.1578,                0.89951,                 0.8639,                0.92586,                0.58896,                 1.3122,                0.61446,                  1.261,               0.009208,               0.009208,               0.009208
                     22,                 1.2254,                0.61578,                 1.1465,                0.91348,                 0.8501,                0.91455,                0.58345,                 1.3235,                0.61652,                 1.2501,              0.0091684,              0.0091684,              0.0091684
                     23,                 1.2177,                0.60898,                  1.159,                0.90364,                0.86651,                0.91876,                0.59187,                 1.3027,                0.60537,                 1.2496,              0.0091288,              0.0091288,              0.0091288
                     24,                 1.2077,                0.60118,                 1.1341,                0.90799,                0.87634,                0.92456,                0.59465,                 1.2976,                0.58627,                 1.2174,              0.0090892,              0.0090892,              0.0090892
                     25,                 1.1935,                0.60066,                 1.1158,                0.90712,                0.86298,                0.92122,                0.58708,                 1.3169,                0.60831,                 1.2214,              0.0090496,              0.0090496,              0.0090496
                     26,                 1.2086,                0.59752,                 1.1245,                0.92424,                0.85644,                0.93104,                0.59492,                 1.3042,                0.59329,                 1.2159,                0.00901,                0.00901,                0.00901
                     27,                 1.2008,                0.60036,                 1.1341,                0.90699,                0.88309,                0.93307,                0.59863,                 1.2976,                0.58386,                 1.2079,              0.0089704,              0.0089704,              0.0089704
                     28,                 1.1916,                0.58288,                 1.1161,                 0.9045,                0.87718,                 0.9306,                0.60433,                 1.2851,                0.58482,                 1.2061,              0.0089308,              0.0089308,              0.0089308
                     29,                 1.1896,                0.59523,                  1.128,                0.90729,                 0.8701,                0.92236,                0.58914,                 1.3009,                0.60605,                 1.2475,              0.0088912,              0.0088912,              0.0088912
                     30,                 1.1824,                0.58448,                 1.1293,                0.91438,                0.86454,                 0.9214,                0.59787,                 1.2861,                0.61446,                 1.2268,              0.0088516,              0.0088516,              0.0088516
                     31,                 1.1661,                0.57537,                 1.1322,                0.92387,                0.87191,                0.93274,                0.60501,                 1.2827,                0.57377,                 1.2424,               0.008812,               0.008812,               0.008812
                     32,                 1.1715,                0.58052,                 1.1183,                0.91613,                0.87963,                0.93336,                0.60754,                 1.2785,                0.57174,                 1.2204,              0.0087724,              0.0087724,              0.0087724
                     33,                 1.1596,                0.56115,                 1.1077,                0.90595,                0.88061,                0.93427,                0.60356,                 1.2937,                0.56391,                 1.2227,              0.0087328,              0.0087328,              0.0087328
                     34,                  1.156,                0.55721,                 1.1033,                0.91031,                0.87997,                0.93446,                 0.6038,                 1.2778,                0.56061,                 1.2164,              0.0086932,              0.0086932,              0.0086932
                     35,                 1.1446,                0.55553,                 1.0912,                 0.9075,                0.87263,                0.93129,                0.60722,                 1.2753,                0.56557,                 1.1826,              0.0086536,              0.0086536,              0.0086536
                     36,                 1.1522,                0.55447,                 1.0794,                0.90997,                0.87893,                 0.9315,                0.60833,                 1.2889,                0.56326,                 1.1889,               0.008614,               0.008614,               0.008614
                     37,                 1.1444,                0.54945,                 1.0879,                0.90953,                0.88978,                0.94021,                 0.6126,                 1.2689,                0.55398,                 1.1977,              0.0085744,              0.0085744,              0.0085744
                     38,                 1.1476,                0.55375,                  1.093,                0.91267,                0.88254,                0.93524,                0.60421,                 1.2904,                0.56563,                 1.1981,              0.0085348,              0.0085348,              0.0085348
                     39,                 1.1177,                0.53415,                 1.0858,                0.91657,                0.88411,                0.93625,                 0.6073,                 1.2803,                0.55182,                 1.2133,              0.0084952,              0.0084952,              0.0084952
                     40,                 1.1281,                0.53905,                 1.0959,                0.90905,                0.89217,                0.93479,                0.60597,                  1.285,                0.55044,                 1.2182,              0.0084556,              0.0084556,              0.0084556
                     41,                 1.1126,                0.53353,                 1.0966,                0.91269,                0.87412,                0.92784,                 0.6106,                 1.2722,                0.57983,                 1.2223,               0.008416,               0.008416,               0.008416
                     42,                  1.106,                0.52185,                 1.0919,                0.90971,                0.88565,                0.93542,                0.60703,                 1.2783,                0.55579,                 1.2159,              0.0083764,              0.0083764,              0.0083764
                     43,                  1.115,                0.53469,                 1.0922,                0.90786,                0.88779,                0.92986,                0.60881,                 1.2815,                0.55654,                 1.2106,              0.0083368,              0.0083368,              0.0083368
                     44,                 1.1097,                0.52219,                 1.0831,                 0.9167,                0.88529,                0.93341,                 0.6083,                 1.2843,                0.54991,                 1.2202,              0.0082972,              0.0082972,              0.0082972
                     45,                 1.0994,                0.52113,                 1.0814,                0.90848,                0.89173,                0.93572,                0.61177,                 1.2823,                0.54542,                 1.2133,              0.0082576,              0.0082576,              0.0082576
                     46,                 1.0982,                0.52223,                 1.0858,                0.91059,                0.88146,                0.93655,                0.61007,                 1.2795,                0.55136,                 1.2162,               0.008218,               0.008218,               0.008218
                     47,                 1.1023,                0.51802,                 1.0753,                0.92955,                0.85834,                0.92961,                0.60586,                 1.2878,                0.55875,                 1.2195,              0.0081784,              0.0081784,              0.0081784
                     48,                 1.0856,                 0.5069,                 1.0752,                0.92297,                0.87551,                0.93124,                0.60784,                 1.2756,                0.55939,                 1.2196,              0.0081388,              0.0081388,              0.0081388
                     49,                 1.0846,                0.51806,                  1.077,                0.90918,                0.88191,                0.93433,                0.60975,                 1.2805,                0.54505,                 1.2311,              0.0080992,              0.0080992,              0.0080992
                     50,                 1.0821,                0.50879,                 1.0793,                0.92342,                0.87915,                0.93343,                0.60793,                 1.2801,                0.55426,                 1.2429,              0.0080596,              0.0080596,              0.0080596
                     51,                 1.0699,                0.50444,                 1.0773,                0.91987,                0.89004,                0.93664,                0.61407,                  1.281,                0.54273,                 1.2192,                0.00802,                0.00802,                0.00802
                     52,                 1.0597,                0.50033,                 1.0801,                0.92507,                0.87243,                0.93556,                0.61394,                 1.2911,                0.55657,                 1.2434,              0.0079804,              0.0079804,              0.0079804
                     53,                 1.0723,                0.50573,                 1.0736,                0.91682,                0.88189,                0.93183,                0.60596,                 1.2922,                0.54638,                 1.2234,              0.0079408,              0.0079408,              0.0079408
                     54,                 1.0582,                0.49358,                 1.0674,                0.91757,                0.89009,                0.94025,                0.61338,                 1.2869,                0.53119,                 1.2285,              0.0079012,              0.0079012,              0.0079012
                     55,                 1.0416,                0.48348,                 1.0622,                0.92321,                0.88177,                0.93742,                0.61371,                 1.2829,                0.54699,                 1.2498,              0.0078616,              0.0078616,              0.0078616
                     56,                 1.0546,                0.49666,                 1.0813,                0.91984,                0.88545,                0.93259,                0.60758,                 1.2867,                0.54443,                 1.2555,               0.007822,               0.007822,               0.007822
                     57,                 1.0512,                0.49291,                 1.0678,                0.91535,                0.89422,                0.93664,                0.61429,                 1.2797,                 0.5337,                 1.2425,              0.0077824,              0.0077824,              0.0077824
                     58,                 1.0332,                0.48472,                 1.0529,                0.92875,                0.87948,                0.93697,                0.61394,                 1.2778,                0.53284,                 1.2159,              0.0077428,              0.0077428,              0.0077428
                     59,                 1.0342,                 0.4811,                 1.0561,                0.92164,                 0.8778,                0.93345,                0.61581,                 1.2711,                0.53915,                 1.2306,              0.0077032,              0.0077032,              0.0077032
                     60,                 1.0313,                0.47856,                 1.0642,                0.92411,                0.87496,                0.93271,                0.61235,                 1.2793,                 0.5408,                 1.2382,              0.0076636,              0.0076636,              0.0076636
                     61,                 1.0116,                0.47274,                 1.0455,                0.92738,                0.87215,                0.93361,                0.61641,                  1.277,                0.53438,                 1.2242,               0.007624,               0.007624,               0.007624
                     62,                 1.0175,                0.47462,                 1.0434,                0.91882,                0.87915,                0.93868,                0.61946,                 1.2755,                0.54007,                 1.2297,              0.0075844,              0.0075844,              0.0075844
                     63,                  1.014,                0.46664,                  1.048,                0.92729,                 0.8709,                0.93372,                0.61449,                 1.2763,                0.53809,                 1.2443,              0.0075448,              0.0075448,              0.0075448
                     64,                 1.0102,                0.47538,                 1.0479,                0.91869,                 0.8811,                0.93192,                0.61363,                 1.2855,                0.53737,                 1.2504,              0.0075052,              0.0075052,              0.0075052
                     65,                  1.013,                0.46797,                  1.055,                0.92015,                0.88222,                0.93487,                0.61797,                 1.2798,                0.54373,                 1.2578,              0.0074656,              0.0074656,              0.0074656
                     66,                0.99795,                0.46951,                 1.0429,                  0.905,                0.89299,                0.93192,                0.61542,                 1.2813,                0.53819,                 1.2331,               0.007426,               0.007426,               0.007426
                     67,                0.98734,                0.46135,                 1.0361,                0.92803,                0.88249,                0.93695,                0.61771,                 1.2746,                0.52933,                 1.2411,              0.0073864,              0.0073864,              0.0073864
                     68,                0.99226,                0.45797,                 1.0383,                 0.9146,                0.88469,                0.93447,                0.61514,                 1.2848,                0.53187,                 1.2471,              0.0073468,              0.0073468,              0.0073468
                     69,                 0.9826,                0.45242,                 1.0344,                0.91938,                0.88799,                0.93377,                0.61522,                 1.2763,                0.53046,                 1.2491,              0.0073072,              0.0073072,              0.0073072
                     70,                0.97924,                0.44878,                 1.0383,                0.92558,                0.86705,                0.93294,                0.61807,                 1.2905,                0.55179,                 1.2477,              0.0072676,              0.0072676,              0.0072676
                     71,                0.98854,                0.46029,                 1.0332,                0.91636,                0.88949,                0.93374,                 0.6134,                 1.2861,                0.53706,                 1.2496,               0.007228,               0.007228,               0.007228
                     72,                0.99002,                0.45694,                 1.0371,                0.91468,                0.89327,                0.93591,                0.61413,                 1.2842,                0.52556,                 1.2497,              0.0071884,              0.0071884,              0.0071884
                     73,                0.96876,                0.44753,                 1.0292,                0.91893,                0.88167,                0.93742,                0.61978,                 1.2819,                0.53036,                 1.2389,              0.0071488,              0.0071488,              0.0071488
                     74,                0.97047,                0.44932,                 1.0204,                0.92129,                0.87854,                 0.9363,                0.61575,                 1.2772,                 0.5226,                  1.239,              0.0071092,              0.0071092,              0.0071092
                     75,                0.95577,                0.44085,                 1.0231,                0.91536,                0.88622,                0.93477,                0.61693,                   1.28,                0.52538,                 1.2439,              0.0070696,              0.0070696,              0.0070696
                     76,                0.95456,                 0.4411,                 1.0244,                0.91063,                0.88969,                 0.9361,                0.61836,                 1.2726,                0.52572,                  1.243,                0.00703,                0.00703,                0.00703
                     77,                0.95561,                0.44699,                 1.0171,                0.90954,                0.89539,                0.93389,                0.61397,                 1.2816,                0.52363,                 1.2302,              0.0069904,              0.0069904,              0.0069904
                     78,                0.94425,                0.43583,                 1.0104,                 0.9239,                0.88044,                0.93803,                0.61949,                 1.2807,                0.52198,                 1.2457,              0.0069508,              0.0069508,              0.0069508
                     79,                0.94215,                0.44102,                 1.0131,                0.91577,                0.89452,                 0.9362,                 0.6204,                  1.283,                0.52927,                 1.2455,              0.0069112,              0.0069112,              0.0069112
                     80,                 0.9402,                 0.4366,                 1.0096,                0.92465,                0.87508,                0.93138,                0.61667,                 1.2768,                0.52482,                 1.2232,              0.0068716,              0.0068716,              0.0068716
                     81,                0.92766,                0.43447,                 1.0047,                0.91033,                0.89988,                0.93869,                0.61392,                 1.2813,                0.52352,                 1.2367,               0.006832,               0.006832,               0.006832
                     82,                0.93208,                0.43519,                  1.002,                0.92039,                0.87846,                0.93859,                0.62245,                 1.2894,                0.52762,                 1.2401,              0.0067924,              0.0067924,              0.0067924
                     83,                0.92616,                0.42842,                 1.0019,                0.91323,                0.88274,                0.93133,                 0.6162,                 1.2864,                0.53718,                 1.2347,              0.0067528,              0.0067528,              0.0067528
                     84,                0.91208,                0.42561,                0.99251,                0.92689,                0.87647,                0.93222,                0.61578,                 1.2922,                0.53361,                 1.2397,              0.0067132,              0.0067132,              0.0067132
                     85,                 0.9151,                0.43249,                 1.0038,                0.91265,                0.88981,                0.93481,                0.61854,                 1.2825,                0.52588,                 1.2641,              0.0066736,              0.0066736,              0.0066736
                     86,                0.90268,                0.41955,                0.99451,                0.92471,                0.88903,                0.93531,                0.62083,                 1.2823,                 0.5208,                 1.2524,               0.006634,               0.006634,               0.006634
                     87,                0.90158,                0.41782,                0.99236,                 0.9142,                0.89285,                  0.936,                0.61981,                 1.2862,                0.52022,                 1.2447,              0.0065944,              0.0065944,              0.0065944
                     88,                0.89708,                 0.4153,                0.99417,                0.92247,                0.88087,                0.93356,                0.61747,                 1.2943,                0.52631,                 1.2585,              0.0065548,              0.0065548,              0.0065548
                     89,                0.89013,                0.41259,                 0.9908,                0.92652,                0.88008,                0.93324,                 0.6157,                  1.288,                0.52072,                  1.251,              0.0065152,              0.0065152,              0.0065152
                     90,                0.89086,                0.41353,                0.98823,                0.90805,                0.90145,                0.93455,                0.61992,                 1.2798,                 0.5166,                 1.2276,              0.0064756,              0.0064756,              0.0064756
                     91,                0.88829,                0.41144,                0.98195,                0.92333,                0.88748,                 0.9311,                0.61298,                 1.2892,                0.52648,                 1.2531,               0.006436,               0.006436,               0.006436
                     92,                0.88621,                0.41443,                0.98294,                0.91075,                0.89493,                0.93463,                0.61742,                 1.2885,                0.52514,                 1.2471,              0.0063964,              0.0063964,              0.0063964
                     93,                0.87091,                0.40522,                0.97798,                0.91465,                0.88837,                0.93283,                0.61555,                   1.29,                0.52368,                  1.243,              0.0063568,              0.0063568,              0.0063568
                     94,                0.87186,                0.41043,                0.98064,                 0.9241,                0.88362,                0.93497,                0.61749,                 1.2847,                0.51494,                 1.2473,              0.0063172,              0.0063172,              0.0063172
                     95,                0.87215,                0.40855,                0.97836,                0.91886,                0.88266,                0.93741,                0.62245,                 1.2908,                0.52179,                 1.2602,              0.0062776,              0.0062776,              0.0062776
                     96,                0.87448,                0.41452,                0.98339,                0.92305,                0.88828,                0.93465,                0.61516,                 1.2984,                0.52723,                 1.2693,               0.006238,               0.006238,               0.006238
                     97,                0.85845,                0.40268,                0.97581,                0.92332,                0.88326,                 0.9353,                0.61909,                 1.2869,                0.52124,                 1.2648,              0.0061984,              0.0061984,              0.0061984
                     98,                0.85874,                0.40428,                0.98261,                0.92814,                0.87522,                0.93666,                0.61981,                   1.29,                0.52159,                 1.2618,              0.0061588,              0.0061588,              0.0061588
                     99,                0.84347,                0.39341,                0.97707,                0.92903,                0.88246,                0.93816,                0.62138,                 1.2886,                0.51527,                 1.2617,              0.0061192,              0.0061192,              0.0061192
                    100,                0.85084,                0.39569,                0.96805,                 0.9191,                0.88967,                 0.9402,                0.62781,                 1.2868,                0.52021,                 1.2604,              0.0060796,              0.0060796,              0.0060796
                    101,                0.85046,                0.40224,                0.96901,                 0.9133,                0.89338,                0.93522,                0.61526,                 1.2847,                0.51935,                 1.2605,                0.00604,                0.00604,                0.00604
                    102,                0.83616,                0.39151,                0.96362,                0.91697,                0.88421,                0.93297,                 0.6175,                 1.2937,                 0.5305,                 1.2678,              0.0060004,              0.0060004,              0.0060004
                    103,                0.84156,                0.39483,                0.97513,                0.92199,                0.87917,                 0.9325,                0.61705,                 1.2868,                0.52838,                 1.2798,              0.0059608,              0.0059608,              0.0059608
                    104,                0.82599,                0.38803,                0.96599,                0.89761,                0.90432,                0.93167,                0.61955,                 1.2851,                0.52393,                 1.2709,              0.0059212,              0.0059212,              0.0059212
                    105,                0.82936,                0.38754,                0.96595,                0.92319,                0.88495,                 0.9323,                 0.6157,                 1.2949,                0.52453,                 1.2729,              0.0058816,              0.0058816,              0.0058816
                    106,                0.82281,                 0.3871,                0.96379,                0.92027,                0.87848,                0.93235,                0.61858,                 1.2957,                0.53112,                 1.2782,               0.005842,               0.005842,               0.005842
                    107,                0.81022,                0.38066,                0.95408,                0.90724,                0.88885,                0.93145,                0.61536,                 1.2964,                0.52471,                 1.2587,              0.0058024,              0.0058024,              0.0058024
                    108,                  0.806,                 0.3782,                0.95904,                0.91322,                 0.8913,                0.93408,                 0.6162,                 1.2997,                0.52755,                  1.272,              0.0057628,              0.0057628,              0.0057628
                    109,                0.81851,                 0.3898,                0.96104,                0.91241,                0.88958,                0.93545,                0.61973,                 1.2879,                0.52288,                 1.2684,              0.0057232,              0.0057232,              0.0057232
                    110,                0.80577,                0.38219,                0.95408,                0.92355,                0.87834,                0.93497,                0.62233,                 1.2913,                0.52492,                 1.2761,              0.0056836,              0.0056836,              0.0056836
                    111,                0.81158,                0.38389,                0.96018,                0.92451,                0.87638,                0.93658,                0.61843,                 1.2907,                0.52557,                 1.2702,               0.005644,               0.005644,               0.005644
                    112,                 0.8024,                0.37901,                0.95204,                0.91037,                0.88163,                0.93489,                0.61804,                  1.295,                0.53205,                 1.2747,              0.0056044,              0.0056044,              0.0056044
                    113,                0.80091,                0.37941,                0.95134,                0.90776,                0.89333,                0.93709,                 0.6199,                 1.2946,                0.52469,                 1.2644,              0.0055648,              0.0055648,              0.0055648
                    114,                0.79039,                0.37208,                0.94853,                0.90859,                0.89047,                0.93699,                0.62104,                 1.3002,                0.52664,                 1.2756,              0.0055252,              0.0055252,              0.0055252
                    115,                 0.7875,                0.37259,                0.94205,                0.91954,                0.87646,                0.93714,                0.61793,                 1.2951,                0.52972,                 1.2634,              0.0054856,              0.0054856,              0.0054856
                    116,                0.78521,                0.37268,                0.94237,                0.91593,                0.88698,                0.93852,                0.62038,                 1.2962,                0.52001,                 1.2522,               0.005446,               0.005446,               0.005446
                    117,                0.76984,                0.36415,                0.93548,                0.91118,                0.89136,                0.93616,                0.62015,                 1.2988,                0.52523,                 1.2665,              0.0054064,              0.0054064,              0.0054064
                    118,                0.77819,                0.36896,                0.94253,                0.91379,                0.88457,                0.93614,                0.61805,                 1.2973,                0.52021,                 1.2824,              0.0053668,              0.0053668,              0.0053668
                    119,                 0.7705,                0.36759,                0.94107,                0.92241,                0.88719,                0.93563,                0.61704,                 1.2939,                 0.5206,                 1.2811,              0.0053272,              0.0053272,              0.0053272
                    120,                0.76943,                0.36892,                0.94342,                0.91486,                0.87998,                0.93595,                0.61936,                 1.2944,                0.52964,                 1.2905,              0.0052876,              0.0052876,              0.0052876
                    121,                0.76171,                0.36727,                0.94094,                0.91417,                0.88905,                 0.9366,                0.61868,                 1.2973,                0.52599,                 1.2905,               0.005248,               0.005248,               0.005248
                    122,                0.75741,                0.36644,                0.93686,                0.90833,                 0.8947,                0.93684,                 0.6209,                 1.2984,                0.52741,                 1.2911,              0.0052084,              0.0052084,              0.0052084
                    123,                0.75312,                0.36026,                0.93521,                0.92465,                0.88548,                0.93781,                0.62144,                 1.2931,                0.52103,                 1.2874,              0.0051688,              0.0051688,              0.0051688
                    124,                0.74704,                0.35827,                0.93758,                 0.9252,                 0.8794,                0.93804,                0.61863,                 1.3035,                0.52589,                 1.2966,              0.0051292,              0.0051292,              0.0051292
                    125,                 0.7464,                0.36052,                0.93203,                0.92191,                0.88663,                0.93566,                0.62104,                 1.2975,                0.52781,                 1.2843,              0.0050896,              0.0050896,              0.0050896
                    126,                 0.7427,                0.35775,                0.93354,                0.91769,                0.88762,                0.93397,                0.62067,                 1.2992,                0.53166,                 1.2931,                0.00505,                0.00505,                0.00505
                    127,                0.74481,                0.35784,                0.93001,                0.92391,                 0.8839,                0.93581,                0.62136,                  1.294,                0.52827,                 1.2931,              0.0050104,              0.0050104,              0.0050104
                    128,                0.73901,                0.35455,                0.93224,                0.92572,                0.88467,                 0.9365,                 0.6178,                 1.2962,                0.52448,                 1.2933,              0.0049708,              0.0049708,              0.0049708
                    129,                0.73528,                0.35301,                0.92478,                0.92177,                0.89016,                0.93733,                  0.619,                 1.2989,                0.52301,                 1.2906,              0.0049312,              0.0049312,              0.0049312
                    130,                0.73483,                 0.3566,                0.92673,                0.90472,                0.89719,                0.93757,                0.62171,                 1.2931,                0.52753,                 1.2884,              0.0048916,              0.0048916,              0.0048916
                    131,                0.72995,                0.35139,                0.92675,                0.92446,                0.88552,                0.93777,                0.62227,                 1.3015,                0.52978,                 1.3056,               0.004852,               0.004852,               0.004852
                    132,                0.72506,                0.35095,                0.92022,                0.92723,                  0.883,                0.93945,                 0.6231,                 1.2953,                0.52351,                 1.3021,              0.0048124,              0.0048124,              0.0048124
                    133,                0.72189,                0.34818,                0.92353,                0.91478,                0.89579,                0.93653,                0.62353,                 1.2959,                0.52641,                 1.3021,              0.0047728,              0.0047728,              0.0047728
                    134,                 0.7122,                0.34584,                0.91968,                0.90323,                0.89585,                0.93614,                0.62201,                 1.2969,                0.52579,                 1.2947,              0.0047332,              0.0047332,              0.0047332
                    135,                0.71736,                0.34621,                0.92326,                0.92485,                0.87624,                0.93509,                0.62101,                 1.2961,                0.53398,                 1.3072,              0.0046936,              0.0046936,              0.0046936
                    136,                0.70367,                0.34137,                0.91707,                0.91403,                0.89301,                0.93634,                0.62071,                    1.3,                 0.5282,                 1.3036,               0.004654,               0.004654,               0.004654
                    137,                0.70815,                0.34266,                0.91491,                0.91278,                0.89169,                0.93413,                0.61907,                 1.3022,                0.52814,                 1.3024,              0.0046144,              0.0046144,              0.0046144
                    138,                0.71353,                0.34718,                0.91697,                0.92203,                0.88022,                0.93434,                 0.6197,                  1.293,                0.52768,                 1.2995,              0.0045748,              0.0045748,              0.0045748
                    139,                0.70088,                0.34011,                 0.9168,                 0.9094,                0.89319,                0.93507,                0.62011,                 1.2965,                0.52799,                 1.3094,              0.0045352,              0.0045352,              0.0045352
                    140,                0.69966,                0.34039,                0.91701,                0.91951,                0.88327,                  0.935,                0.62095,                 1.2949,                0.52949,                 1.3104,              0.0044956,              0.0044956,              0.0044956
                    141,                0.69617,                0.33563,                  0.914,                0.91037,                0.89169,                 0.9352,                0.62229,                 1.2954,                 0.5258,                  1.309,               0.004456,               0.004456,               0.004456
                    142,                0.68905,                0.33325,                0.91045,                0.91294,                0.88982,                0.93587,                0.62256,                 1.2963,                0.52466,                 1.3138,              0.0044164,              0.0044164,              0.0044164
                    143,                0.68639,                0.33431,                0.91649,                0.93131,                0.87192,                0.93495,                0.62467,                 1.2942,                 0.5283,                 1.3198,              0.0043768,              0.0043768,              0.0043768
                    144,                0.67791,                0.33022,                 0.9121,                0.92044,                0.88234,                0.93479,                0.62229,                 1.2947,                 0.5313,                 1.3084,              0.0043372,              0.0043372,              0.0043372
                    145,                0.67738,                0.33052,                0.91005,                0.93346,                0.87469,                0.93546,                0.62253,                 1.2942,                0.52961,                 1.3063,              0.0042976,              0.0042976,              0.0042976
                    146,                 0.6802,                0.33056,                0.90578,                0.92291,                 0.8862,                0.93607,                0.61905,                 1.2946,                0.52729,                 1.3094,               0.004258,               0.004258,               0.004258
                    147,                0.66556,                0.32368,                0.90669,                0.92447,                0.88536,                0.93663,                0.62342,                 1.2947,                0.52808,                 1.3061,              0.0042184,              0.0042184,              0.0042184
                    148,                0.67583,                0.32858,                0.90318,                0.92829,                0.88046,                0.93507,                0.62143,                 1.2981,                0.53096,                 1.2975,              0.0041788,              0.0041788,              0.0041788
                    149,                0.66809,                0.32629,                0.90045,                0.91792,                0.88979,                0.93344,                0.62308,                 1.2963,                0.52954,                 1.3028,              0.0041392,              0.0041392,              0.0041392
                    150,                0.66665,                0.32576,                0.90476,                0.91576,                 0.8927,                0.93684,                0.62408,                 1.2984,                0.53068,                  1.321,              0.0040996,              0.0040996,              0.0040996
                    151,                0.65993,                0.32316,                0.90318,                0.92788,                0.88093,                0.93437,                 0.6219,                 1.2979,                 0.5275,                 1.3322,                0.00406,                0.00406,                0.00406
                    152,                0.66127,                0.32429,                0.90518,                 0.9258,                0.88051,                0.93404,                0.62277,                 1.2954,                0.53058,                 1.3333,              0.0040204,              0.0040204,              0.0040204
                    153,                0.66297,                0.32587,                 0.9066,                0.93159,                0.87867,                0.93413,                0.62158,                 1.2958,                0.52888,                 1.3314,              0.0039808,              0.0039808,              0.0039808
                    154,                0.65914,                0.32465,                 0.9052,                0.92711,                0.88586,                0.93197,                0.61954,                  1.295,                0.53472,                 1.3365,              0.0039412,              0.0039412,              0.0039412
                    155,                0.64796,                0.31999,                0.90087,                0.92515,                0.88694,                0.93389,                0.62034,                 1.2958,                0.53388,                 1.3393,              0.0039016,              0.0039016,              0.0039016
                    156,                 0.6501,                0.31863,                0.90605,                0.92672,                0.88516,                0.93409,                0.62403,                 1.2958,                0.53468,                 1.3379,               0.003862,               0.003862,               0.003862
                    157,                0.63873,                0.31319,                0.89832,                 0.9224,                0.88919,                0.93296,                0.62402,                 1.2923,                0.53539,                 1.3426,              0.0038224,              0.0038224,              0.0038224
                    158,                 0.6425,                0.31548,                0.89951,                 0.9269,                0.88317,                0.93488,                0.62363,                 1.2947,                0.53867,                   1.34,              0.0037828,              0.0037828,              0.0037828
                    159,                0.62792,                0.30814,                0.89589,                0.91466,                0.89407,                  0.935,                0.62544,                 1.2955,                0.53692,                 1.3389,              0.0037432,              0.0037432,              0.0037432
                    160,                0.62972,                0.31289,                0.89613,                0.91819,                0.89157,                0.93384,                0.62315,                 1.2961,                 0.5321,                 1.3467,              0.0037036,              0.0037036,              0.0037036
                    161,                0.62363,                0.30805,                0.89406,                 0.9264,                0.88118,                0.93345,                0.62237,                 1.2971,                0.53875,                 1.3467,               0.003664,               0.003664,               0.003664
                    162,                0.62299,                0.30732,                0.89443,                0.92333,                0.88902,                0.93252,                0.62004,                 1.2984,                0.53461,                  1.346,              0.0036244,              0.0036244,              0.0036244
                    163,                0.62163,                0.30718,                0.89162,                0.92292,                0.89322,                0.93484,                0.62522,                 1.2936,                0.53532,                 1.3337,              0.0035848,              0.0035848,              0.0035848
                    164,                0.62897,                0.31272,                0.89115,                0.92026,                0.88995,                0.93315,                0.62477,                 1.2926,                0.53574,                 1.3234,              0.0035452,              0.0035452,              0.0035452
                    165,                0.61528,                0.30592,                0.88174,                0.92999,                0.88218,                0.93472,                0.62371,                 1.2915,                0.53503,                 1.3033,              0.0035056,              0.0035056,              0.0035056
                    166,                0.61458,                0.30428,                0.88133,                0.93247,                0.87619,                0.93341,                0.62211,                 1.2965,                0.53475,                 1.2947,               0.003466,               0.003466,               0.003466
                    167,                0.61684,                0.31003,                0.87891,                0.91417,                0.89537,                0.93595,                0.62665,                 1.2901,                0.53482,                 1.2829,              0.0034264,              0.0034264,              0.0034264
                    168,                 0.6068,                0.30122,                0.87675,                0.91998,                0.89571,                0.93546,                0.62773,                 1.2891,                0.53334,                 1.2826,              0.0033868,              0.0033868,              0.0033868
                    169,                0.60708,                0.30306,                 0.8807,                0.92261,                0.88963,                0.93533,                0.62552,                 1.2875,                0.53494,                 1.2963,              0.0033472,              0.0033472,              0.0033472
                    170,                0.59413,                0.29574,                0.87764,                0.92291,                0.89337,                0.93555,                0.62744,                 1.2841,                0.53376,                 1.3018,              0.0033076,              0.0033076,              0.0033076
                    171,                0.61481,                0.30228,                0.88476,                0.92332,                0.88672,                0.93312,                0.62563,                  1.287,                 0.5364,                 1.3073,               0.003268,               0.003268,               0.003268
                    172,                0.59522,                0.29677,                 0.8798,                 0.9345,                0.88181,                0.93326,                0.62498,                 1.2888,                0.53562,                 1.3174,              0.0032284,              0.0032284,              0.0032284
                    173,                0.59775,                0.29804,                0.88297,                 0.9274,                0.88843,                0.93277,                0.62484,                 1.2887,                0.53438,                  1.332,              0.0031888,              0.0031888,              0.0031888
                    174,                0.59817,                0.29889,                0.88743,                0.92564,                0.88594,                0.93286,                 0.6255,                 1.2864,                 0.5339,                 1.3455,              0.0031492,              0.0031492,              0.0031492
                    175,                0.59757,                0.30065,                0.88353,                  0.926,                0.88449,                0.93161,                0.62653,                 1.2867,                0.53861,                 1.3501,              0.0031096,              0.0031096,              0.0031096
                    176,                0.58579,                0.29131,                0.88321,                0.92667,                0.88834,                0.93268,                0.62491,                  1.287,                0.53901,                   1.35,                0.00307,                0.00307,                0.00307
                    177,                0.58721,                0.29356,                0.88144,                0.93139,                0.88577,                0.93455,                0.62742,                 1.2898,                0.53988,                  1.342,              0.0030304,              0.0030304,              0.0030304
                    178,                0.58758,                0.29485,                 0.8789,                0.93074,                0.88052,                0.93433,                0.62561,                   1.29,                0.53675,                  1.338,              0.0029908,              0.0029908,              0.0029908
                    179,                0.58223,                0.29203,                0.87956,                0.93586,                0.87897,                0.93465,                0.62648,                 1.2885,                0.53775,                 1.3374,              0.0029512,              0.0029512,              0.0029512
                    180,                0.58638,                0.29605,                0.87806,                0.93383,                0.88185,                0.93373,                0.62803,                 1.2851,                0.53734,                 1.3284,              0.0029116,              0.0029116,              0.0029116
                    181,                0.57643,                0.28934,                0.87716,                0.92741,                0.88335,                0.93399,                0.62815,                 1.2842,                0.54021,                 1.3309,               0.002872,               0.002872,               0.002872
                    182,                0.56894,                0.28741,                0.88067,                0.92611,                0.88136,                0.93305,                0.62604,                 1.2856,                0.54476,                 1.3438,              0.0028324,              0.0028324,              0.0028324
                    183,                 0.5773,                0.28907,                 0.8802,                0.93285,                0.87883,                0.93218,                0.62655,                 1.2844,                0.54287,                 1.3478,              0.0027928,              0.0027928,              0.0027928
                    184,                0.57138,                 0.2874,                0.87846,                0.92828,                0.87965,                0.93262,                0.62658,                 1.2863,                0.54098,                  1.349,              0.0027532,              0.0027532,              0.0027532
                    185,                0.57393,                0.28803,                0.87725,                0.93011,                0.88015,                0.93317,                0.62609,                 1.2875,                0.53848,                 1.3514,              0.0027136,              0.0027136,              0.0027136
                    186,                  0.558,                0.27943,                0.87022,                0.92585,                  0.886,                 0.9335,                0.62455,                 1.2892,                0.53868,                 1.3524,               0.002674,               0.002674,               0.002674
                    187,                0.56156,                0.28315,                 0.8705,                0.92726,                0.88399,                0.93392,                0.62608,                 1.2884,                0.53538,                 1.3499,              0.0026344,              0.0026344,              0.0026344
                    188,                0.56195,                0.28262,                  0.871,                0.93514,                0.87803,                0.93408,                  0.627,                  1.288,                 0.5365,                 1.3524,              0.0025948,              0.0025948,              0.0025948
                    189,                0.55599,                 0.2821,                0.87204,                 0.9295,                0.87927,                0.93213,                0.62632,                 1.2862,                0.53765,                  1.352,              0.0025552,              0.0025552,              0.0025552
                    190,                0.56061,                0.28426,                0.87282,                0.93312,                0.87765,                0.93352,                0.62638,                  1.286,                0.53927,                 1.3539,              0.0025156,              0.0025156,              0.0025156
                    191,                0.55329,                0.28159,                0.87207,                0.93918,                0.87205,                0.93416,                0.62729,                 1.2853,                0.54007,                 1.3589,               0.002476,               0.002476,               0.002476
                    192,                0.54705,                0.27717,                0.86983,                0.93506,                0.87841,                0.93575,                0.62883,                 1.2827,                0.53439,                 1.3594,              0.0024364,              0.0024364,              0.0024364
                    193,                0.54789,                0.27955,                0.86778,                0.92736,                0.88478,                0.93581,                0.62912,                  1.283,                0.53623,                 1.3587,              0.0023968,              0.0023968,              0.0023968
                    194,                0.54849,                0.27887,                0.86639,                0.92424,                0.88846,                0.93538,                0.62935,                 1.2831,                0.53668,                 1.3579,              0.0023572,              0.0023572,              0.0023572
                    195,                0.54101,                0.27695,                0.86435,                0.92236,                0.88856,                0.93514,                 0.6293,                 1.2841,                0.53673,                 1.3615,              0.0023176,              0.0023176,              0.0023176
                    196,                  0.541,                0.27378,                0.86896,                0.92265,                0.89009,                0.93584,                0.62963,                 1.2833,                0.53811,                 1.3616,               0.002278,               0.002278,               0.002278
                    197,                0.54056,                0.27589,                0.86596,                0.92287,                0.89078,                0.93695,                0.63053,                 1.2815,                 0.5359,                 1.3584,              0.0022384,              0.0022384,              0.0022384
                    198,                0.53903,                0.27557,                0.86379,                0.92467,                0.89053,                0.93699,                0.62947,                 1.2819,                0.53453,                 1.3577,              0.0021988,              0.0021988,              0.0021988
                    199,                 0.5331,                0.27335,                0.86141,                 0.9345,                 0.8821,                0.93715,                0.62987,                 1.2837,                0.53584,                 1.3578,              0.0021592,              0.0021592,              0.0021592
                    200,                0.53123,                 0.2697,                0.86026,                0.93092,                0.88576,                0.93709,                0.63047,                 1.2842,                0.53696,                 1.3554,              0.0021196,              0.0021196,              0.0021196
                    201,                0.52181,                0.26673,                 0.8603,                 0.9309,                0.88613,                0.93619,                0.63118,                 1.2841,                0.53875,                  1.352,                0.00208,                0.00208,                0.00208
                    202,                0.52873,                0.27264,                0.86009,                0.93878,                0.87954,                0.93652,                0.63038,                 1.2838,                0.53799,                 1.3494,              0.0020404,              0.0020404,              0.0020404
                    203,                 0.5239,                0.26768,                0.85876,                0.92987,                0.88596,                0.93585,                 0.6298,                  1.284,                0.53787,                 1.3475,              0.0020008,              0.0020008,              0.0020008
                    204,                0.52864,                 0.2692,                0.85761,                 0.9246,                0.88655,                0.93617,                0.63072,                  1.283,                0.54257,                 1.3474,              0.0019612,              0.0019612,              0.0019612
                    205,                0.51878,                0.26571,                0.85917,                0.93031,                0.88385,                0.93636,                0.63206,                  1.283,                0.54162,                 1.3491,              0.0019216,              0.0019216,              0.0019216
                    206,                0.51944,                0.26733,                0.85776,                0.92393,                0.89079,                0.93598,                0.63148,                 1.2824,                0.54378,                 1.3508,               0.001882,               0.001882,               0.001882
                    207,                  0.511,                0.26358,                0.85499,                  0.926,                0.88602,                0.93424,                0.63014,                 1.2815,                0.54265,                 1.3482,              0.0018424,              0.0018424,              0.0018424
                    208,                0.50928,                0.26144,                0.85116,                0.91913,                0.89062,                0.93357,                 0.6291,                 1.2806,                0.54281,                 1.3425,              0.0018028,              0.0018028,              0.0018028
                    209,                0.51455,                0.26513,                0.85551,                0.92545,                0.88895,                0.93399,                0.63033,                 1.2812,                0.54241,                 1.3428,              0.0017632,              0.0017632,              0.0017632
                    210,                0.50622,                0.26141,                0.85147,                 0.9229,                0.89025,                0.93419,                0.63026,                 1.2815,                0.54353,                 1.3428,              0.0017236,              0.0017236,              0.0017236
                    211,                0.50816,                0.26191,                0.85191,                0.93105,                0.88139,                0.93349,                0.62968,                 1.2812,                0.54668,                 1.3387,               0.001684,               0.001684,               0.001684
                    212,                0.50833,                0.26423,                0.85232,                0.93484,                0.87879,                0.93355,                0.63013,                 1.2802,                0.54869,                 1.3345,              0.0016444,              0.0016444,              0.0016444
                    213,                0.49318,                0.25691,                0.84666,                 0.9334,                0.87961,                0.93246,                0.62956,                 1.2816,                0.54797,                 1.3336,              0.0016048,              0.0016048,              0.0016048
                    214,                0.49495,                0.25492,                0.84669,                0.93408,                0.87978,                0.93391,                0.63043,                 1.2813,                0.54635,                 1.3337,              0.0015652,              0.0015652,              0.0015652
                    215,                0.50049,                0.26122,                0.85292,                0.93269,                0.88034,                0.93346,                0.63091,                 1.2806,                 0.5452,                 1.3341,              0.0015256,              0.0015256,              0.0015256
                    216,                 0.4951,                0.25719,                0.84896,                0.93586,                0.87883,                0.93413,                0.63105,                 1.2805,                 0.5443,                 1.3375,               0.001486,               0.001486,               0.001486
                    217,                0.49649,                0.25883,                0.85375,                0.93564,                0.87776,                0.93332,                0.63118,                 1.2801,                 0.5442,                 1.3411,              0.0014464,              0.0014464,              0.0014464
                    218,                0.48937,                0.25082,                0.85117,                0.93137,                 0.8849,                 0.9343,                0.63128,                 1.2802,                0.54298,                 1.3437,              0.0014068,              0.0014068,              0.0014068
                    219,                0.48796,                0.25328,                0.84913,                0.92857,                0.88636,                0.93467,                0.63093,                   1.28,                0.54392,                 1.3462,              0.0013672,              0.0013672,              0.0013672
                    220,                0.49109,                0.25463,                0.84845,                0.92878,                0.88523,                0.93393,                0.63083,                 1.2798,                0.54617,                 1.3491,              0.0013276,              0.0013276,              0.0013276
                    221,                0.49014,                0.25353,                0.84869,                0.92881,                0.88502,                0.93381,                0.63079,                  1.279,                0.54781,                 1.3495,               0.001288,               0.001288,               0.001288
                    222,                0.48099,                0.24799,                0.84919,                0.92691,                0.88598,                 0.9336,                0.63094,                 1.2795,                0.54815,                 1.3524,              0.0012484,              0.0012484,              0.0012484
                    223,                0.47397,                0.24575,                0.84731,                 0.9283,                0.88496,                0.93321,                0.63039,                 1.2796,                0.54907,                 1.3547,              0.0012088,              0.0012088,              0.0012088
                    224,                0.48052,                0.24724,                0.84932,                0.92956,                0.88241,                0.93298,                0.63065,                 1.2791,                0.55101,                 1.3558,              0.0011692,              0.0011692,              0.0011692
                    225,                0.47793,                0.24895,                0.84855,                0.92731,                0.88347,                0.93217,                0.63005,                 1.2792,                0.55016,                 1.3573,              0.0011296,              0.0011296,              0.0011296
                    226,                0.47541,                0.24599,                0.84658,                0.93173,                0.87947,                0.93203,                0.62986,                 1.2792,                0.55076,                 1.3581,                0.00109,                0.00109,                0.00109
                    227,                0.47386,                0.24749,                0.84703,                0.93068,                0.88071,                0.93211,                0.62927,                  1.279,                0.55053,                 1.3588,              0.0010504,              0.0010504,              0.0010504
                    228,                0.47049,                0.24653,                0.84631,                0.93306,                 0.8794,                0.93254,                0.62966,                 1.2786,                0.55062,                 1.3596,              0.0010108,              0.0010108,              0.0010108
                    229,                0.46651,                0.24556,                0.84587,                0.93512,                0.87672,                0.93227,                0.63038,                 1.2786,                0.55194,                 1.3598,              0.0009712,              0.0009712,              0.0009712
                    230,                0.46551,                0.24416,                0.84387,                0.93488,                0.87822,                  0.933,                 0.6312,                 1.2787,                0.55213,                 1.3596,              0.0009316,              0.0009316,              0.0009316
                    231,                0.46407,                0.24253,                0.84404,                0.93491,                0.87772,                0.93329,                0.63224,                 1.2781,                0.55222,                 1.3591,               0.000892,               0.000892,               0.000892
                    232,                0.45796,                0.24324,                0.84119,                0.92943,                0.88265,                0.93288,                0.63187,                 1.2781,                0.55261,                 1.3589,              0.0008524,              0.0008524,              0.0008524
                    233,                0.46206,                0.24328,                  0.846,                0.92708,                0.88426,                0.93237,                 0.6319,                 1.2785,                0.55353,                 1.3596,              0.0008128,              0.0008128,              0.0008128
                    234,                 0.4606,                0.24156,                0.84285,                0.92854,                0.88302,                0.93247,                0.63197,                 1.2788,                0.55452,                 1.3614,              0.0007732,              0.0007732,              0.0007732
                    235,                0.45832,                0.24093,                0.84489,                0.92797,                0.88223,                0.93278,                0.63175,                  1.279,                0.55539,                 1.3634,              0.0007336,              0.0007336,              0.0007336
                    236,                0.45138,                0.23779,                0.84101,                0.92786,                0.88334,                0.93288,                0.63234,                 1.2791,                0.55554,                  1.365,               0.000694,               0.000694,               0.000694
                    237,                0.45099,                0.23831,                0.83812,                0.92922,                0.88298,                0.93303,                0.63276,                 1.2781,                0.55495,                 1.3659,              0.0006544,              0.0006544,              0.0006544
                    238,                0.45154,                0.23864,                0.84237,                0.92984,                0.88296,                0.93321,                0.63337,                 1.2778,                 0.5548,                  1.367,              0.0006148,              0.0006148,              0.0006148
                    239,                0.45097,                0.23844,                0.84253,                   0.93,                0.88294,                0.93312,                0.63331,                 1.2772,                0.55437,                 1.3679,              0.0005752,              0.0005752,              0.0005752
                    240,                0.45122,                0.23805,                0.84259,                 0.9324,                0.88007,                0.93343,                0.63314,                 1.2767,                0.55414,                 1.3681,              0.0005356,              0.0005356,              0.0005356
                    241,                 0.4361,                0.21045,                0.83131,                0.93286,                0.88101,                0.93363,                0.63373,                 1.2762,                0.55392,                 1.3712,               0.000496,               0.000496,               0.000496
                    242,                0.40676,                0.20165,                0.81962,                0.93225,                0.88189,                0.93361,                0.63417,                 1.2756,                0.55432,                 1.3734,              0.0004564,              0.0004564,              0.0004564
                    243,                 0.4011,                0.19862,                0.81859,                0.93263,                0.88229,                  0.934,                0.63502,                 1.2751,                0.55461,                 1.3742,              0.0004168,              0.0004168,              0.0004168
                    244,                0.39861,                0.19741,                0.81748,                0.93157,                0.88292,                0.93448,                0.63584,                 1.2743,                0.55513,                 1.3744,              0.0003772,              0.0003772,              0.0003772
                    245,                0.39127,                0.19502,                0.81869,                0.92837,                0.88659,                0.93477,                 0.6366,                 1.2738,                0.55563,                 1.3746,              0.0003376,              0.0003376,              0.0003376
                    246,                0.38808,                0.19393,                0.81454,                0.92779,                0.88637,                0.93536,                0.63763,                  1.273,                0.55678,                 1.3752,               0.000298,               0.000298,               0.000298
                    247,                0.38637,                0.19301,                0.81576,                 0.9291,                0.88489,                0.93527,                0.63789,                 1.2726,                0.55823,                 1.3758,              0.0002584,              0.0002584,              0.0002584
                    248,                0.38307,                0.19171,                0.81408,                0.92861,                0.88516,                0.93543,                0.63754,                 1.2724,                0.55883,                 1.3762,              0.0002188,              0.0002188,              0.0002188
                    249,                0.38685,                0.19401,                0.81346,                0.92825,                0.88565,                0.93559,                0.63791,                 1.2725,                 0.5592,                 1.3764,              0.0001792,              0.0001792,              0.0001792
                    250,                0.38361,                0.19371,                0.81678,                0.92945,                 0.8846,                0.93567,                0.63868,                  1.272,                0.55932,                 1.3769,              0.0001396,              0.0001396,              0.0001396
